codigo,placa,linha,latitude,longitude,dataHora,velocidade,id_migracao_trajeto,sentido,trajeto,timestamp_captura
86804,LQG3863,12,-23.00179333333333,-43.36510666666667,2021-02-24 12:48:28,0,121,volta,12 - ALVORADA X PINGO D'AGUA ( EXPRESSO ),2021-02-24 17:17:36.734128
50304,KRN8J05,5807A1,-22.919896666666666,-43.607778333333336,2020-07-16 13:55:11,0,124,ida,19 - PINGO D'AGUA X SALVADOR ALLENDE ( EXPRESSO ),2021-02-24 17:17:36.734128
13426,LSI5977,10,-23.001123333333332,-43.367473333333336,2021-02-24 11:44:29,0,107,volta,10 - ALVORADA X SANTA CRUZ ( EXPRESSO ),2021-02-24 17:17:36.734128
47013,LMB3786,51,-22.965455,-43.391976666666665,2021-02-17 21:13:59,0,3551,ida,51 - T. RECREIO X VILA MILITAR (PARADOR),2021-02-24 17:17:36.734128
47031,KYW5240,22,-22.964488333333332,-43.39187166666667,2021-02-15 19:32:18,0,8970,ida,22- ALVORADA X J. OCEÂNICO (PARADOR),2021-02-24 17:17:36.734128
30533,KWO8120,10,-23.006395,-43.314281666666666,2021-02-24 13:01:48,0,106,ida,10- SANTA CRUZ X ALVORADA ( EXPRESSO ),2021-02-24 17:17:36.734128
86821,LQG3866,0,-22.92000833333333,-43.60776666666667,2020-06-16 17:26:29,0,,,,2021-02-24 17:17:36.734128
47002,LRH8941,10,-22.877726666666668,-43.336553333333335,2021-02-24 13:16:36,0,106,ida,10- SANTA CRUZ X ALVORADA ( EXPRESSO ),2021-02-24 17:17:36.734128
LUH4150 PKP / T. I,LUH4150,0,-22.9710323,-43.4004794,2021-02-10 18:39:47,0,,,,2021-02-24 17:17:36.734128
47027,KRR2119,18,-22.965146666666666,-43.39192,2021-02-24 13:14:49,0,3626,ida,18 - RECREIO SHOPPING X JARDIM OCEÂNICO ( EXPRESSO ),2021-02-24 17:17:36.734128
44734,LSG9591,11N,-22.91959333333333,-43.607076666666664,2021-02-24 13:15:18,0,104,ida,11N - SANTA CRUZ X ALVORADA,2021-02-24 17:17:36.734128
30513,KYL8596,37,-22.973241666666667,-43.38592,2021-02-13 10:54:36,51,9324,ida,37 - Tanque x Alvorada,2021-02-24 17:17:36.734128
86832,LQH5492,13,-23.000916666666665,-43.36743333333333,2021-02-24 13:16:38,0,113,volta,13- ALVORADA X  MATO ALTO ( EXPRESSO ),2021-02-24 17:17:36.734128
86892,KRQ6880,20,-23.003446666666665,-43.42532166666667,2021-02-24 13:16:42,0,122,ida,20 - SANTA CRUZ X SALVADOR ALLENDE ( EXPRESSO ),2021-02-24 17:17:36.734128
44736,LMH4611,14,-23.012526666666666,-43.458895,2021-02-24 13:16:44,0,138,ida,14 - CAMPO GRANDE X SALVADOR ALLENDE,2021-02-24 17:17:36.734128
30508,KYM4572,42A,-22.854791666666667,-43.252118333333335,2021-02-24 12:59:08,0,9447,ida,42A - GALEÃO X MADUREIRA (PARADOR),2021-02-24 17:17:36.734128
12719,KRP7035,10,-22.91623,-43.68306666666667,2021-02-24 13:14:19,15,106,ida,10- SANTA CRUZ X ALVORADA ( EXPRESSO ),2021-02-24 17:17:36.734128
86840,KOS9769,12,-22.91983,-43.60757,2021-02-24 12:59:11,0,120,ida,12 - PINGO D'AGUA X ALVORADA ( EXPRESSO ),2021-02-24 17:17:36.734128
30538,KXE7719,53B,-22.960945,-43.39178833333333,2021-02-24 00:16:22,29,9432,ida,53B - SULACAP X JD. OCEANICO (PARADOR),2021-02-24 17:17:36.734128
13412,KPY9734,20,-23.000563333333332,-43.3645,2021-02-24 12:02:53,0,122,ida,20 - SANTA CRUZ X SALVADOR ALLENDE ( EXPRESSO ),2021-02-24 17:17:36.734128
50309,KPN6B05,LECD33,-23.006608333333332,-43.43660666666667,2021-02-24 13:15:17,39,8964,ida,LECD33- SANTA CRUZ X CAMPO GRANDE,2021-02-24 17:17:36.734128
90459,KXB8152,35A,-22.84435,-43.238455,2021-02-22 05:31:39,42,9430,ida,35A - MADUREIRA X JARDIM OCEÂNICO,2021-02-24 17:17:36.734128
12706,KXB8938,46,-22.877233333333333,-43.33596333333333,2021-02-24 13:05:40,0,145,volta,46 - ALVORADA X PENHA ( EXPRESSO ),2021-02-24 17:17:36.734128
47025,KXE8652,51,-23.019636666666667,-43.48757,2021-02-24 08:42:54,32,3551,ida,51 - T. RECREIO X VILA MILITAR (PARADOR),2021-02-24 17:17:36.734128
30532,KYL8599,25A,-22.99269333333333,-43.36616,2021-02-23 02:55:17,65,8968,ida,25A -  MATO ALTO X  ALVORADA -  SEMI EXPRESSO,2021-02-24 17:17:36.734128
13423,LSI5976,10,-23.000703333333334,-43.36605333333333,2021-02-24 12:55:30,0,107,volta,10 - ALVORADA X SANTA CRUZ ( EXPRESSO ),2021-02-24 17:17:36.734128
47028,KRR2120,25A,-23.01167,-43.531965,2021-02-24 13:10:39,60,8968,ida,25A -  MATO ALTO X  ALVORADA -  SEMI EXPRESSO,2021-02-24 17:17:36.734128
86871,LMG5159,10,-22.919823333333333,-43.607875,2021-01-26 10:37:36,0,106,ida,10- SANTA CRUZ X ALVORADA ( EXPRESSO ),2021-02-24 17:17:36.734128
13403,LTF5447,12,-23.000075,-43.361043333333335,2021-02-24 13:16:53,0,121,volta,12 - ALVORADA X PINGO D'AGUA ( EXPRESSO ),2021-02-24 17:17:36.734128
90002,LMB2D92,51,-23.00875,-43.44068,2021-02-24 13:16:43,0,3551,ida,51 - T. RECREIO X VILA MILITAR (PARADOR),2021-02-24 17:17:36.734128
47030,LSQ5263,51,-23.0087,-43.440485,2021-02-24 12:49:06,0,3551,ida,51 - T. RECREIO X VILA MILITAR (PARADOR),2021-02-24 17:17:36.734128
30519,LRE9804,0,-22.964478333333332,-43.391778333333335,2021-01-08 09:29:19,0,,,,2021-02-24 17:17:36.734128
30526,LRG3042,35A,-23.006471666666666,-43.31569,2021-02-24 11:38:50,0,9431,volta,35A -  JARDIM OCEÂNICO X MADUREIRA,2021-02-24 17:17:36.734128
30501,LSD4741,22,-23.00639333333333,-43.31589666666667,2021-02-24 12:55:20,0,8971,volta,22 - J. OCEÂNICO X ALVORADA (PARADOR),2021-02-24 17:17:36.734128
86843,KOS9766,12,-22.9163,-43.607141666666664,2021-02-24 11:03:16,0,120,ida,12 - PINGO D'AGUA X ALVORADA ( EXPRESSO ),2021-02-24 17:17:36.734128
86838,KOS9772,10,-23.00482166666667,-43.55990166666667,2020-09-03 06:42:57,34,106,ida,10- SANTA CRUZ X ALVORADA ( EXPRESSO ),2021-02-24 17:17:36.734128
86833,LLR3251,14,-23.000641666666667,-43.36659,2021-02-24 12:58:10,0,138,ida,14 - CAMPO GRANDE X SALVADOR ALLENDE,2021-02-24 17:17:36.734128
E86862,LRX6071,0,-22.92000833333333,-43.60776666666667,2020-06-16 17:30:29,0,,,,2021-02-24 17:17:36.734128
30515,KYL8594,46,-23.00073666666667,-43.365923333333335,2021-02-24 11:02:49,0,145,volta,46 - ALVORADA X PENHA ( EXPRESSO ),2021-02-24 17:17:36.734128
44732,LSG9592,53B,-22.883971666666667,-43.399725,2021-02-24 13:16:40,0,9432,ida,53B - SULACAP X JD. OCEANICO (PARADOR),2021-02-24 17:17:36.734128
13409,KPY9733,40A,-23.00097166666667,-43.367898333333336,2021-02-24 13:14:36,0,8973,volta,40A - ALVORADA X MADUREIRA ( EXPRESSO ),2021-02-24 17:17:36.734128
13424,KRL4069,51,-23.00906,-43.44105,2021-02-24 13:15:59,0,3551,ida,51 - T. RECREIO X VILA MILITAR (PARADOR),2021-02-24 17:17:36.734128
44709,LRG8852,13,-22.854471666666665,-43.251446666666666,2021-02-24 12:53:37,0,112,ida,13 - MATO ALTO X ALVORADA ( EXPRESSO ),2021-02-24 17:17:36.734128
44702,KRA6212,25A,-23.00068,-43.36499833333333,2021-02-24 13:14:56,0,8969,volta,25A -  ALVORADA X MATO ALTO -  SEMI EXPRESSO,2021-02-24 17:17:36.734128
86842,KOU8599,13,-22.919916666666666,-43.607683333333334,2021-02-09 02:56:39,0,112,ida,13 - MATO ALTO X ALVORADA ( EXPRESSO ),2021-02-24 17:17:36.734128
44704,LTR5373,41,-23.008611666666667,-43.44040666666667,2021-02-24 12:57:28,0,3542,ida,41 - RECREIO X TERMINAL MADUREIRA (EXPRESSO),2021-02-24 17:17:36.734128
86851,KQO8674,LECD33,-22.933308333333333,-43.661785,2021-02-24 13:11:51,0,8965,volta,LECD33- CAMPO GRANDE X SANTA CRUZ,2021-02-24 17:17:36.734128
86875,KQB4103,10,-22.96891,-43.62414166666667,2021-02-24 13:16:19,38,107,volta,10 - ALVORADA X SANTA CRUZ ( EXPRESSO ),2021-02-24 17:17:36.734128
30517,LRC6607,29,-23.006546666666665,-43.31505333333333,2021-02-24 13:13:49,0,8971,volta,22 - J. OCEÂNICO X ALVORADA (PARADOR),2021-02-24 17:17:36.734128
30529,KPV2255,46,-22.841851666666667,-43.27518666666667,2021-02-03 07:45:23,25,144,ida,46- PENHA X ALVORADA ( EXPRESSO ),2021-02-24 17:17:36.734128
86852,LMB9577,0,-22.9199,-43.60747,2020-06-21 13:17:35,0,,,,2021-02-24 17:17:36.734128
30518,KYL8597,10,-23.008348333333334,-43.44350333333333,2021-02-24 13:16:47,17,107,volta,10 - ALVORADA X SANTA CRUZ ( EXPRESSO ),2021-02-24 17:17:36.734128
12707,LMI8079,42A,-22.85438,-43.25145,2021-02-24 12:49:21,0,9447,ida,42A - GALEÃO X MADUREIRA (PARADOR),2021-02-24 17:17:36.734128
12743,KRR4919,46,-23.000961666666665,-43.36613333333333,2021-02-24 13:16:03,0,145,volta,46 - ALVORADA X PENHA ( EXPRESSO ),2021-02-24 17:17:36.734128
86801,LQH8572,0,-22.919825,-43.60760833333333,2020-08-04 15:45:02,0,,,,2021-02-24 17:17:36.734128
47029,LSQ5267,10,-23.000685,-43.36639666666667,2021-02-24 13:12:44,0,107,volta,10 - ALVORADA X SANTA CRUZ ( EXPRESSO ),2021-02-24 17:17:36.734128
30528,LRG3041,35A,-23.006766666666667,-43.31293333333333,2021-02-24 07:58:37,0,9431,volta,35A -  JARDIM OCEÂNICO X MADUREIRA,2021-02-24 17:17:36.734128
30504,LRC6605,40A,-22.878893333333334,-43.341135,2021-02-24 04:55:51,13,8972,ida,40A - MADUREIRA X ALVORADA ( EXPRESSO ),2021-02-24 17:17:36.734128
12732,LSP8261,0,-22.919501666666665,-43.60792333333333,2021-02-11 15:49:06,0,,,,2021-02-24 17:17:36.734128
A994324,LUN4324,0,-22.8384886,-43.2946123,2021-02-24 13:17:54,0,,,,2021-02-24 17:17:36.734128
86854,LTR5553,14,-22.92066,-43.60864333333333,2021-02-24 12:51:51,4,138,ida,14 - CAMPO GRANDE X SALVADOR ALLENDE,2021-02-24 17:17:36.734128
13420,KWI9708,35A,-22.896691666666666,-43.351486666666666,2021-02-24 13:16:38,47,9430,ida,35A - MADUREIRA X JARDIM OCEÂNICO,2021-02-24 17:17:36.734128
86856,KWX6285,10,-23.000723333333333,-43.36638666666666,2021-02-24 12:54:49,24,107,volta,10 - ALVORADA X SANTA CRUZ ( EXPRESSO ),2021-02-24 17:17:36.734128
30527,KPY6689,53A,-23.000858333333333,-43.36778833333333,2021-02-24 12:55:14,0,8967,volta,53A - ALVORADA X SULACAP ( EXPRESSO ),2021-02-24 17:17:36.734128
A997040,KRA7040,0,-22.9654986,-43.391071,2021-02-24 12:45:31,0,,,,2021-02-24 17:17:36.734128
A999574,LSD9574,0,-23.0008843,-43.3636736,2021-02-24 12:19:03,0,,,,2021-02-24 17:17:36.734128
A997008,LSG7008,0,-23.0009211,-43.3643726,2021-02-24 12:45:00,0,,,,2021-02-24 17:17:36.734128
44717,KWW8818,46,-22.889996666666665,-43.34696,2021-02-24 07:09:00,36,144,ida,46- PENHA X ALVORADA ( EXPRESSO ),2021-02-24 17:17:36.734128
12704,LSM8778,0,-22.920425,-43.607508333333335,2020-09-28 08:30:39,0,,,,2021-02-24 17:17:36.734128
44735,KRK7032,14,-23.007201666666667,-43.437735,2021-02-24 13:16:47,59,139,volta,14 - SALVADOR ALLENDE X CAMPO GRANDE,2021-02-24 17:17:36.734128
30503,LSB5374,29,-23.000193333333332,-43.37489,2021-02-24 13:16:44,0,9185,volta,29 -  JARDIM OCEÂNICO X SALVADOR ALLENDE (PARADOR),2021-02-24 17:17:36.734128
44731,KRK7034,13,-23.001011666666667,-43.366596666666666,2021-02-24 12:55:25,0,113,volta,13- ALVORADA X  MATO ALTO ( EXPRESSO ),2021-02-24 17:17:36.734128
50307,LSL9D59,13,-23.000758333333334,-43.36621,2021-02-24 13:07:36,0,113,volta,13- ALVORADA X  MATO ALTO ( EXPRESSO ),2021-02-24 17:17:36.734128
47004,KQK7904,18,-22.964669999999998,-43.391796666666664,2021-02-02 00:43:56,0,3626,ida,18 - RECREIO SHOPPING X JARDIM OCEÂNICO ( EXPRESSO ),2021-02-24 17:17:36.734128
27203,KRN8701,10,-22.968865,-43.62346333333333,2021-02-24 13:16:18,38,107,volta,10 - ALVORADA X SANTA CRUZ ( EXPRESSO ),2021-02-24 17:17:36.734128
86825,LQH6471,0,-22.92000833333333,-43.60776666666667,2020-06-16 17:37:29,0,,,,2021-02-24 17:17:36.734128
27205,LSL9114,42A,-22.813855,-43.244566666666664,2021-02-23 18:41:27,23,9447,ida,42A - GALEÃO X MADUREIRA (PARADOR),2021-02-24 17:17:36.734128
86812,LQH6474,13,-22.919598333333333,-43.60790333333333,2021-01-10 22:56:03,0,112,ida,13 - MATO ALTO X ALVORADA ( EXPRESSO ),2021-02-24 17:17:36.734128
86873,LSC9355,0,-22.919736666666665,-43.60861833333333,2020-09-21 19:08:41,0,,,,2021-02-24 17:17:36.734128
44706,LRG8855,51A,-23.001195,-43.367511666666665,2021-02-24 13:10:33,0,9162,volta,51A -  Terminal Alvorada x Vila Militar,2021-02-24 17:17:36.734128
47012,KPZ8364,22,-22.965153333333333,-43.391776666666665,2021-02-24 13:13:38,0,8966,ida,53A - SULACAP X ALVORADA ( EXPRESSO ),2021-02-24 17:17:36.734128
13417,KWI9710,0,-22.96456166666667,-43.39167333333334,2020-12-16 14:21:18,0,,,,2021-02-24 17:17:36.734128
50311,KWA8I62,14,-22.920316666666672,-43.60847666666667,2020-12-01 23:06:03,0,138,ida,14 - CAMPO GRANDE X SALVADOR ALLENDE,2021-02-24 17:17:36.734128
47015,LRH8891,46,-22.999085,-43.36812333333334,2021-02-24 03:10:16,53,144,ida,46- PENHA X ALVORADA ( EXPRESSO ),2021-02-24 17:17:36.734128
86869,LSC9369,10,-22.916648333333335,-43.631881666666665,2021-02-23 18:34:05,6,106,ida,10- SANTA CRUZ X ALVORADA ( EXPRESSO ),2021-02-24 17:17:36.734128
86810,KVR8296,25A,-22.919693333333335,-43.607175,2021-02-24 12:57:19,0,8968,ida,25A -  MATO ALTO X  ALVORADA -  SEMI EXPRESSO,2021-02-24 17:17:36.734128
86850,LMB9574,LECD33,-22.91996,-43.60787833333333,2021-02-24 12:48:01,0,8964,ida,LECD33- SANTA CRUZ X CAMPO GRANDE,2021-02-24 17:17:36.734128
86885,LTB5540,LECD33,-22.904886666666666,-43.55670833333333,2021-02-24 13:16:47,22,8964,ida,LECD33- SANTA CRUZ X CAMPO GRANDE,2021-02-24 17:17:36.734128
12709,KRP4173,10,-22.916858333333334,-43.68336166666667,2021-02-24 13:16:48,0,106,ida,10- SANTA CRUZ X ALVORADA ( EXPRESSO ),2021-02-24 17:17:36.734128
13414,KPY9731,35A,-22.964901666666666,-43.391285,2020-11-04 20:39:01,0,9430,ida,35A - MADUREIRA X JARDIM OCEÂNICO,2021-02-24 17:17:36.734128
30540,KXE7718,35A,-22.978515,-43.36563,2021-02-24 13:16:51,60,9430,ida,35A - MADUREIRA X JARDIM OCEÂNICO,2021-02-24 17:17:36.734128
86890,KRQ6877,10,-22.918955,-43.60736,2021-02-24 13:12:56,0,106,ida,10- SANTA CRUZ X ALVORADA ( EXPRESSO ),2021-02-24 17:17:36.734128
44703,KRA6211,51A,-22.854505,-43.25224166666667,2021-02-24 13:16:18,0,9161,ida,51A - Vila Militar x Terminal Alvorada,2021-02-24 17:17:36.734128
13425,KRL4070,51,-23.006616666666666,-43.436931666666666,2021-02-24 13:16:53,44,3551,ida,51 - T. RECREIO X VILA MILITAR (PARADOR),2021-02-24 17:17:36.734128
12731,KXD9190,42A,-22.867185,-43.33490166666667,2021-02-24 12:39:29,37,9447,ida,42A - GALEÃO X MADUREIRA (PARADOR),2021-02-24 17:17:36.734128
86876,KQK8703,10,-22.919898333333332,-43.60760166666667,2021-01-24 12:44:59,0,106,ida,10- SANTA CRUZ X ALVORADA ( EXPRESSO ),2021-02-24 17:17:36.734128
12738,KRR2404,22,-23.000581666666665,-43.36561,2021-02-24 13:16:35,0,8970,ida,22- ALVORADA X J. OCEÂNICO (PARADOR),2021-02-24 17:17:36.734128
50303,LTT5J71,12,-22.964755,-43.647193333333334,2021-02-24 13:08:39,0,120,ida,12 - PINGO D'AGUA X ALVORADA ( EXPRESSO ),2021-02-24 17:17:36.734128
30502,LQT9173,51A,-22.965348333333335,-43.39116666666666,2021-02-22 01:04:23,0,9161,ida,51A - Vila Militar x Terminal Alvorada,2021-02-24 17:17:36.734128
86886,LTB5541,LECD33,-22.919176666666665,-43.607036666666666,2021-02-24 13:01:32,0,8964,ida,LECD33- SANTA CRUZ X CAMPO GRANDE,2021-02-24 17:17:36.734128
47032,KXE8654,22,-23.00709833333333,-43.31276166666667,2021-02-24 13:11:17,0,8971,volta,22 - J. OCEÂNICO X ALVORADA (PARADOR),2021-02-24 17:17:36.734128
13428,KXE7712,20,-22.964575,-43.39122666666667,2021-02-24 13:15:59,0,122,ida,20 - SANTA CRUZ X SALVADOR ALLENDE ( EXPRESSO ),2021-02-24 17:17:36.734128
47006,KWZ8630,53B,-23.006545,-43.31552166666667,2021-02-24 11:22:42,0,9433,volta,53B JD OCEANICO X SULACAP (PARADOR),2021-02-24 17:17:36.734128
12715,LSN9214,40A,-22.87883,-43.34117166666667,2021-02-24 06:15:21,10,8972,ida,40A - MADUREIRA X ALVORADA ( EXPRESSO ),2021-02-24 17:17:36.734128
86808,KOU4402,5801A1,-23.018871666666666,-43.483693333333335,2020-06-28 05:04:30,19,120,ida,12 - PINGO D'AGUA X ALVORADA ( EXPRESSO ),2021-02-24 17:17:36.734128
12740,KXN9326,42A,-22.854675,-43.25173,2021-02-24 13:16:46,0,9447,ida,42A - GALEÃO X MADUREIRA (PARADOR),2021-02-24 17:17:36.734128
86853,LUL5782,19,-22.919915,-43.607771666666665,2021-02-15 04:27:27,0,124,ida,19 - PINGO D'AGUA X SALVADOR ALLENDE ( EXPRESSO ),2021-02-24 17:17:36.734128
86881,LSP9602,19,-22.919513333333335,-43.608621666666664,2020-08-24 09:01:24,0,124,ida,19 - PINGO D'AGUA X SALVADOR ALLENDE ( EXPRESSO ),2021-02-24 17:17:36.734128
A999191,KXE9191,0,-22.9570216,-43.390549,2021-02-24 13:09:07,0,,,,2021-02-24 17:17:36.734128
47007,LSP6018,51,-23.008621666666667,-43.44035,2021-02-24 13:16:05,0,3551,ida,51 - T. RECREIO X VILA MILITAR (PARADOR),2021-02-24 17:17:36.734128
13413,KWI9711,19,-22.964638333333333,-43.39225666666667,2021-02-15 19:34:20,0,124,ida,19 - PINGO D'AGUA X SALVADOR ALLENDE ( EXPRESSO ),2021-02-24 17:17:36.734128
86837,KOS9768,14,-23.000778333333333,-43.36634333333333,2020-10-16 07:18:22,1,138,ida,14 - CAMPO GRANDE X SALVADOR ALLENDE,2021-02-24 17:17:36.734128
90001,KPZ5E15,51,-22.86691666666667,-43.41086,2021-02-24 13:16:37,58,3552,volta,51 - VILA MILITAR X T. RECREIO (PARADOR),2021-02-24 17:17:36.734128
A996442,KZC6442,0,-22.8405456,-43.2395401,2021-02-24 13:12:43,0,,,,2021-02-24 17:17:36.734128
A998080,KYO8080,0,-22.8598199,-43.2536625,2021-02-24 13:18:27,12,,,,2021-02-24 17:17:36.734128
A997699,KYE7699,0,-22.9835135,-43.3655896,2021-02-24 13:15:50,0,,,,2021-02-24 17:17:36.734128
86803,LQG3862,12,-22.919873333333335,-43.60771666666667,2021-01-07 14:03:16,0,120,ida,12 - PINGO D'AGUA X ALVORADA ( EXPRESSO ),2021-02-24 17:17:36.734128
86874,KQB4102,10,-22.804056666666668,-43.3065,2020-09-17 15:51:55,0,106,ida,10- SANTA CRUZ X ALVORADA ( EXPRESSO ),2021-02-24 17:17:36.734128
47020,LSK2782,46,-22.838070000000002,-43.29224166666667,2021-02-24 13:16:48,53,145,volta,46 - ALVORADA X PENHA ( EXPRESSO ),2021-02-24 17:17:36.734128
30523,LRC6593,51,-22.964585,-43.39215166666666,2021-02-22 20:08:14,0,3551,ida,51 - T. RECREIO X VILA MILITAR (PARADOR),2021-02-24 17:17:36.734128
44716,KWW8825,12,-23.00209,-43.365585,2021-02-24 12:57:37,0,121,volta,12 - ALVORADA X PINGO D'AGUA ( EXPRESSO ),2021-02-24 17:17:36.734128
86849,KRI2988,0,-22.920041666666666,-43.607308333333336,2020-08-30 15:22:50,0,,,,2021-02-24 17:17:36.734128
86860,KYN7644,0,-22.919956666666668,-43.60854833333333,2020-09-13 11:47:51,0,,,,2021-02-24 17:17:36.734128
86847,LRT5936,12,-22.935878333333335,-43.666653333333336,2021-02-23 07:38:40,17,120,ida,12 - PINGO D'AGUA X ALVORADA ( EXPRESSO ),2021-02-24 17:17:36.734128
86820,LQG3865,0,-22.919338333333332,-43.60691166666667,2021-01-06 10:49:54,0,,,,2021-02-24 17:17:36.734128
44738,LSH8637,53A,-23.000913333333333,-43.36559833333333,2021-02-24 13:16:39,0,8967,volta,53A - ALVORADA X SULACAP ( EXPRESSO ),2021-02-24 17:17:36.734128
86835,KQB4100,10,-22.918941666666665,-43.60746666666667,2021-02-24 12:52:49,0,106,ida,10- SANTA CRUZ X ALVORADA ( EXPRESSO ),2021-02-24 17:17:36.734128
86861,LRK8456,19,-23.000936666666668,-43.36523,2021-02-24 13:15:51,0,124,ida,19 - PINGO D'AGUA X SALVADOR ALLENDE ( EXPRESSO ),2021-02-24 17:17:36.734128
86823,LQG3868,0,-22.919971666666665,-43.608266666666665,2020-08-02 00:50:52,0,,,,2021-02-24 17:17:36.734128
86879,LTN5696,12,-23.011718333333334,-43.53197,2021-02-24 12:42:29,51,120,ida,12 - PINGO D'AGUA X ALVORADA ( EXPRESSO ),2021-02-24 17:17:36.734128
30530,LRG3043,53A,-22.996075,-43.36591166666667,2021-02-24 05:00:02,42,8966,ida,53A - SULACAP X ALVORADA ( EXPRESSO ),2021-02-24 17:17:36.734128
12701,LUP6542,35A,-22.985465,-43.36561,2021-02-24 13:16:39,51,9431,volta,35A -  JARDIM OCEÂNICO X MADUREIRA,2021-02-24 17:17:36.734128
90003,KYN7F36,46,-22.89462333333333,-43.34950666666667,2021-02-24 13:16:53,53,145,volta,46 - ALVORADA X PENHA ( EXPRESSO ),2021-02-24 17:17:36.734128
86857,LSB6391,0,-22.920805,-43.60846166666666,2020-12-14 21:26:57,0,,,,2021-02-24 17:17:36.734128
12711,LSO1629,31,-22.85476166666667,-43.25203333333333,2021-02-24 13:14:00,0,3061,ida,31 – ALVORADA X VICENTE DE CARVALHO ( Semi direto ),2021-02-24 17:17:36.734128
86809,LQH9072,37,-22.968725,-43.622146666666666,2021-02-24 13:05:17,47,9304,ida,15 PINGO D'ÁGUA X RECREIO SHOPPING,2021-02-24 17:17:36.734128
50306,LMI4F05,10,-22.91891,-43.60790333333333,2020-07-18 14:11:32,0,106,ida,10- SANTA CRUZ X ALVORADA ( EXPRESSO ),2021-02-24 17:17:36.734128
86883,LSP9601,5801A1,-22.920788333333334,-43.608018333333334,2020-06-16 17:57:24,0,120,ida,12 - PINGO D'AGUA X ALVORADA ( EXPRESSO ),2021-02-24 17:17:36.734128
47011,LRH8889,42A,-22.839335,-43.282968333333336,2021-02-24 13:16:52,18,9447,ida,42A - GALEÃO X MADUREIRA (PARADOR),2021-02-24 17:17:36.734128
50305,KRN8J08,25A,-22.920279999999998,-43.60812166666667,2021-02-24 12:56:39,0,8968,ida,25A -  MATO ALTO X  ALVORADA -  SEMI EXPRESSO,2021-02-24 17:17:36.734128
13405,LTD5409,51A,-23.000725,-43.365928333333336,2021-02-24 13:04:18,0,9162,volta,51A -  Terminal Alvorada x Vila Militar,2021-02-24 17:17:36.734128
12727,LSQ3203,46,-22.923395,-43.374026666666666,2021-02-24 13:16:53,33,144,ida,46- PENHA X ALVORADA ( EXPRESSO ),2021-02-24 17:17:36.734128
27204,LSL9113,31,-23.00212,-43.36630666666667,2021-02-24 12:59:05,0,3061,ida,31 – ALVORADA X VICENTE DE CARVALHO ( Semi direto ),2021-02-24 17:17:36.734128
47009,KPZ8430,53A,-22.964851666666668,-43.39153833333334,2021-02-23 15:31:54,2,8966,ida,53A - SULACAP X ALVORADA ( EXPRESSO ),2021-02-24 17:17:36.734128
47014,KZI4452,10,-23.0006,-43.397223333333336,2021-02-24 13:16:41,0,107,volta,10 - ALVORADA X SANTA CRUZ ( EXPRESSO ),2021-02-24 17:17:36.734128
30537,KXE7720,22,-23.006525,-43.315275,2021-02-24 12:55:07,0,8971,volta,22 - J. OCEÂNICO X ALVORADA (PARADOR),2021-02-24 17:17:36.734128
86848,KPD5453,0,-22.920186666666666,-43.608216666666664,2020-08-25 18:23:52,0,,,,2021-02-24 17:17:36.734128
30520,LRC6603,10,-22.917816666666667,-43.68434666666667,2021-02-24 13:14:19,0,106,ida,10- SANTA CRUZ X ALVORADA ( EXPRESSO ),2021-02-24 17:17:36.734128
50301,KPP5B70,25A,-22.919923333333333,-43.607155,2021-02-24 12:57:22,0,8968,ida,25A -  MATO ALTO X  ALVORADA -  SEMI EXPRESSO,2021-02-24 17:17:36.734128
50308,KRP5A33,13,-23.000465,-43.388131666666666,2021-02-24 13:16:40,0,113,volta,13- ALVORADA X  MATO ALTO ( EXPRESSO ),2021-02-24 17:17:36.734128
44730,KWX9986,46,-22.84181,-43.277413333333335,2021-02-24 13:11:35,0,144,ida,46- PENHA X ALVORADA ( EXPRESSO ),2021-02-24 17:17:36.734128
86817,KOS3163,14,-22.912001666666665,-43.591836666666666,2021-02-24 13:11:59,37,138,ida,14 - CAMPO GRANDE X SALVADOR ALLENDE,2021-02-24 17:17:36.734128
47005,LSV5862,22,-22.964663333333334,-43.39182,2021-02-24 11:37:36,0,8970,ida,22- ALVORADA X J. OCEÂNICO (PARADOR),2021-02-24 17:17:36.734128
27206,LSL9115,0,-22.919693333333335,-43.607908333333334,2021-02-20 14:34:46,0,,,,2021-02-24 17:17:36.734128
47001,KQB2808,53B,-23.006931666666667,-43.311993333333334,2021-02-24 13:16:54,0,9433,volta,53B JD OCEANICO X SULACAP (PARADOR),2021-02-24 17:17:36.734128
47018,LRS2843,40A,-22.965275,-43.391985,2021-02-24 13:16:12,0,8972,ida,40A - MADUREIRA X ALVORADA ( EXPRESSO ),2021-02-24 17:17:36.734128
13408,KWI9730,40A,-22.876971666666666,-43.337415,2021-02-24 05:43:45,26,8972,ida,40A - MADUREIRA X ALVORADA ( EXPRESSO ),2021-02-24 17:17:36.734128
86845,KXD5493,0,-22.920193333333334,-43.608536666666666,2020-10-08 23:55:01,0,,,,2021-02-24 17:17:36.734128
30536,KXE7721,35A,-22.99739,-43.366245,2021-02-24 13:16:47,35,9431,volta,35A -  JARDIM OCEÂNICO X MADUREIRA,2021-02-24 17:17:36.734128
50312,KPN6A95,11N,-22.919511666666665,-43.60746666666667,2021-01-21 01:50:32,0,104,ida,11N - SANTA CRUZ X ALVORADA,2021-02-24 17:17:36.734128
12700,LSM8774,10,-22.920013333333333,-43.60789666666667,2021-02-24 13:05:59,0,106,ida,10- SANTA CRUZ X ALVORADA ( EXPRESSO ),2021-02-24 17:17:36.734128
44713,KPZ3559,41,-23.00871666666667,-43.440821666666665,2021-02-24 13:15:36,7,3542,ida,41 - RECREIO X TERMINAL MADUREIRA (EXPRESSO),2021-02-24 17:17:36.734128
86831,LQH5491,5801A1,-22.920788333333334,-43.608018333333334,2020-06-16 18:25:24,0,120,ida,12 - PINGO D'AGUA X ALVORADA ( EXPRESSO ),2021-02-24 17:17:36.734128
13401,KQO7822,46,-23.000675,-43.36465333333334,2021-02-24 13:16:39,17,145,volta,46 - ALVORADA X PENHA ( EXPRESSO ),2021-02-24 17:17:36.734128
27171,KOP5438,51A,-22.879025,-43.34124833333333,2021-02-24 03:49:40,29,9161,ida,51A - Vila Militar x Terminal Alvorada,2021-02-24 17:17:36.734128
27169,LRK9562,41,-23.002085,-43.36574,2021-02-24 13:01:32,0,3542,ida,41 - RECREIO X TERMINAL MADUREIRA (EXPRESSO),2021-02-24 17:17:36.734128
47021,KRM7686,20,-23.000751666666666,-43.36613,2021-02-24 09:30:09,0,122,ida,20 - SANTA CRUZ X SALVADOR ALLENDE ( EXPRESSO ),2021-02-24 17:17:36.734128
27191,LSG9618,42A,-22.833993333333332,-43.23868,2021-02-24 13:16:50,54,9447,ida,42A - GALEÃO X MADUREIRA (PARADOR),2021-02-24 17:17:36.734128
13421,KWO8119,18,-23.000101666666666,-43.40476,2021-02-10 06:34:42,58,3626,ida,18 - RECREIO SHOPPING X JARDIM OCEÂNICO ( EXPRESSO ),2021-02-24 17:17:36.734128
13419,LTV5426,40A,-22.964415,-43.391765,2020-12-29 10:10:46,0,8972,ida,40A - MADUREIRA X ALVORADA ( EXPRESSO ),2021-02-24 17:17:36.734128
27174,KQP5437,51A,-23.001236666666667,-43.36652,2021-02-24 13:05:59,0,9162,volta,51A -  Terminal Alvorada x Vila Militar,2021-02-24 17:17:36.734128
27168,KQP5439,51A,-23.000886666666666,-43.36734,2021-02-24 13:06:43,0,9162,volta,51A -  Terminal Alvorada x Vila Militar,2021-02-24 17:17:36.734128
47026,KYA7928,51A,-23.008648333333333,-43.44054166666667,2021-02-24 09:58:28,0,9161,ida,51A - Vila Militar x Terminal Alvorada,2021-02-24 17:17:36.734128
47024,KYS6559,41,-23.008625,-43.44027833333333,2021-02-24 13:16:35,0,3542,ida,41 - RECREIO X TERMINAL MADUREIRA (EXPRESSO),2021-02-24 17:17:36.734128
12708,LSN9277,35A,-23.002518333333335,-43.36629,2021-02-24 13:15:09,0,9430,ida,35A - MADUREIRA X JARDIM OCEÂNICO,2021-02-24 17:17:36.734128
27177,LRK9558,40A,-22.855003333333332,-43.252136666666665,2021-02-24 12:47:59,0,8972,ida,40A - MADUREIRA X ALVORADA ( EXPRESSO ),2021-02-24 17:17:36.734128
27211,LSL9110,35A,-22.854631666666666,-43.25159,2021-01-07 23:38:53,0,9430,ida,35A - MADUREIRA X JARDIM OCEÂNICO,2021-02-24 17:17:36.734128
30539,KXE7726,35,-22.964548333333333,-43.39194666666667,2021-02-24 13:07:16,0,108,ida,35 - MADUREIRA X ALVORADA ( PARADOR )- ida,2021-02-24 17:17:36.734128
86889,KRQ6878,12,-22.920196666666666,-43.60821166666667,2021-02-24 13:15:36,0,120,ida,12 - PINGO D'AGUA X ALVORADA ( EXPRESSO ),2021-02-24 17:17:36.734128
12724,LMJ1118,0,-23.019361666666665,-43.48564,2021-01-22 05:50:17,25,,,,2021-02-24 17:17:36.734128
86824,KOS3164,5801A1,-22.920788333333334,-43.608018333333334,2020-06-16 18:24:24,0,120,ida,12 - PINGO D'AGUA X ALVORADA ( EXPRESSO ),2021-02-24 17:17:36.734128
27209,LSL9B07,46,-22.853241666666666,-43.314076666666665,2021-02-24 12:37:48,1,145,volta,46 - ALVORADA X PENHA ( EXPRESSO ),2021-02-24 17:17:36.734128
86880,LSP9603,10,-22.920226666666668,-43.608665,2020-12-18 09:04:01,0,106,ida,10- SANTA CRUZ X ALVORADA ( EXPRESSO ),2021-02-24 17:17:36.734128
27176,LRK9563,0,-22.919945,-43.60749166666667,2021-02-24 12:52:55,0,,,,2021-02-24 17:17:36.734128
30511,KPV2250,53A,-22.964948333333332,-43.391976666666665,2021-02-24 05:16:31,2,8966,ida,53A - SULACAP X ALVORADA ( EXPRESSO ),2021-02-24 17:17:36.734128
13427,KXE7711,46,-22.964668333333332,-43.39179,2020-11-12 10:08:16,0,144,ida,46- PENHA X ALVORADA ( EXPRESSO ),2021-02-24 17:17:36.734128
86846,KPE2294,12,-22.92017,-43.60783333333333,2021-02-24 12:47:18,0,120,ida,12 - PINGO D'AGUA X ALVORADA ( EXPRESSO ),2021-02-24 17:17:36.734128
12725,LMJ1327,40A,-23.000988333333332,-43.36503833333333,2021-02-24 13:15:49,0,8973,volta,40A - ALVORADA X MADUREIRA ( EXPRESSO ),2021-02-24 17:17:36.734128
12737,KXO9461,46,-22.844616666666667,-43.30119,2021-02-24 13:16:40,52,145,volta,46 - ALVORADA X PENHA ( EXPRESSO ),2021-02-24 17:17:36.734128
12716,KRP3500,31,-22.996911666666666,-43.366005,2021-02-24 00:09:52,41,3062,volta,31 – VICENTE DE CARVALHO X ALVORADA ( Semi direto ),2021-02-24 17:17:36.734128
13404,KQO7823,53B,-22.973325,-43.36776166666667,2021-02-24 13:16:45,44,9433,volta,53B JD OCEANICO X SULACAP (PARADOR),2021-02-24 17:17:36.734128
47022,KRM7701,40A,-22.878885,-43.341225,2021-02-24 04:52:41,14,8972,ida,40A - MADUREIRA X ALVORADA ( EXPRESSO ),2021-02-24 17:17:36.734128
12736,LMJ4504,10,-22.920608333333334,-43.60794166666667,2021-02-24 13:16:48,0,106,ida,10- SANTA CRUZ X ALVORADA ( EXPRESSO ),2021-02-24 17:17:36.734128
12726,KXD8483,0,-22.919095,-43.613085,2021-02-24 12:49:15,30,,,,2021-02-24 17:17:36.734128
13422,LSI5978,0,-22.96515,-43.39178166666667,2021-02-24 12:46:35,0,,,,2021-02-24 17:17:36.734128
13402,LTL5480,29,-23.006663333333332,-43.31360166666666,2021-02-24 12:49:39,0,9185,volta,29 -  JARDIM OCEÂNICO X SALVADOR ALLENDE (PARADOR),2021-02-24 17:17:36.734128
86868,FDB0563,10,-22.92031,-43.60711166666667,2020-11-11 10:21:29,0,106,ida,10- SANTA CRUZ X ALVORADA ( EXPRESSO ),2021-02-24 17:17:36.734128
12730,LSO8993,13,-22.919103333333332,-43.607126666666666,2021-02-24 13:16:36,0,112,ida,13 - MATO ALTO X ALVORADA ( EXPRESSO ),2021-02-24 17:17:36.734128
86872,LSH7386,37,-23.000921666666667,-43.366085,2021-02-24 12:29:10,0,9325,volta,37 - Alvorada x Tanque,2021-02-24 17:17:36.734128
12714,KXC7431,46,-22.996908333333334,-43.365986666666664,2021-02-24 13:16:44,57,145,volta,46 - ALVORADA X PENHA ( EXPRESSO ),2021-02-24 17:17:36.734128
86805,LLR5A36,0,-22.920341666666666,-43.60826333333333,2020-07-22 16:04:59,0,,,,2021-02-24 17:17:36.734128
86841,KYW3094,20,-23.016251666666665,-43.515615,2021-02-24 13:16:01,59,122,ida,20 - SANTA CRUZ X SALVADOR ALLENDE ( EXPRESSO ),2021-02-24 17:17:36.734128
44714,LRG8849,46,-22.854168333333334,-43.25188333333333,2021-02-24 13:05:41,0,144,ida,46- PENHA X ALVORADA ( EXPRESSO ),2021-02-24 17:17:36.734128
12713,LMI7759,42A,-22.855008333333334,-43.251755,2021-02-24 13:16:46,0,9447,ida,42A - GALEÃO X MADUREIRA (PARADOR),2021-02-24 17:17:36.734128
13416,LTL5479,50,-23.006591666666665,-43.314315,2021-02-24 10:19:44,0,3310,ida,50 - J.OCEÂNICO x TERMINAL OLIMPICO (PARADOR),2021-02-24 17:17:36.734128
86878,LSZ6142,0,-22.919463333333333,-43.607625,2021-02-23 00:06:47,0,,,,2021-02-24 17:17:36.734128
86828,KXY8006,10,-22.920463333333334,-43.60776666666667,2021-02-24 06:08:18,0,106,ida,10- SANTA CRUZ X ALVORADA ( EXPRESSO ),2021-02-24 17:17:36.734128
13418,KWI9709,42A,-22.839873333333333,-43.23950166666667,2021-02-24 12:46:30,0,9447,ida,42A - GALEÃO X MADUREIRA (PARADOR),2021-02-24 17:17:36.734128
86815,LTZ4231,13,-22.920191666666668,-43.608261666666664,2021-02-21 16:33:11,0,112,ida,13 - MATO ALTO X ALVORADA ( EXPRESSO ),2021-02-24 17:17:36.734128
47017,LRS2841,19,-23.000685,-43.36710333333333,2021-02-24 13:06:34,0,124,ida,19 - PINGO D'AGUA X SALVADOR ALLENDE ( EXPRESSO ),2021-02-24 17:17:36.734128
86839,KRW2134,27,-22.99647,-43.593765,2021-02-24 13:16:48,53,8935,ida,27 - MATO ALTO - SALVADOR ALLENDE (PARADOR),2021-02-24 17:17:36.734128
86859,KWJ9250,10,-22.920353333333335,-43.607351666666666,2021-02-24 12:47:42,1,106,ida,10- SANTA CRUZ X ALVORADA ( EXPRESSO ),2021-02-24 17:17:36.734128
30506,LRC6583,35A,-22.879811666666665,-43.341683333333336,2021-02-24 13:16:48,32,9431,volta,35A -  JARDIM OCEÂNICO X MADUREIRA,2021-02-24 17:17:36.734128
30509,KYM4574,20,-23.002136666666665,-43.365451666666665,2021-02-24 08:55:48,0,122,ida,20 - SANTA CRUZ X SALVADOR ALLENDE ( EXPRESSO ),2021-02-24 17:17:36.734128
47008,KPY9735,0,-22.964873333333333,-43.391331666666666,2021-02-24 13:08:31,2,,,,2021-02-24 17:17:36.734128
86866,LRK8428,12,-22.920625,-43.607945,2021-02-24 12:59:44,0,120,ida,12 - PINGO D'AGUA X ALVORADA ( EXPRESSO ),2021-02-24 17:17:36.734128
86888,KRQ6879,20,-22.919941666666666,-43.607625,2021-02-13 02:48:09,0,122,ida,20 - SANTA CRUZ X SALVADOR ALLENDE ( EXPRESSO ),2021-02-24 17:17:36.734128
86813,KOU4403,27,-22.920106666666666,-43.60776,2020-11-05 12:03:22,1,8935,ida,27 - MATO ALTO - SALVADOR ALLENDE (PARADOR),2021-02-24 17:17:36.734128
13410,KWI9716,10,-22.96451,-43.39205833333333,2021-01-22 14:41:55,0,106,ida,10- SANTA CRUZ X ALVORADA ( EXPRESSO ),2021-02-24 17:17:36.734128
86816,LLR4368,12,-22.92032,-43.60843166666667,2020-12-18 10:21:51,0,120,ida,12 - PINGO D'AGUA X ALVORADA ( EXPRESSO ),2021-02-24 17:17:36.734128
12721,KXW7973,20,-22.943075,-43.661775,2021-02-24 13:15:11,44,122,ida,20 - SANTA CRUZ X SALVADOR ALLENDE ( EXPRESSO ),2021-02-24 17:17:36.734128
12717,LMJ0073,27,-22.91916,-43.60718166666667,2021-02-24 12:48:54,0,8935,ida,27 - MATO ALTO - SALVADOR ALLENDE (PARADOR),2021-02-24 17:17:36.734128
12728,LMJ3938,35A,-22.892265,-43.347896666666664,2021-02-24 13:16:38,20,9431,volta,35A -  JARDIM OCEÂNICO X MADUREIRA,2021-02-24 17:17:36.734128
12710,KRO9724,35A,-22.983425,-43.365635,2021-02-24 13:09:00,0,9431,volta,35A -  JARDIM OCEÂNICO X MADUREIRA,2021-02-24 17:17:36.734128
12729,LMJ1623,10,-22.920045,-43.60769,2020-10-21 22:48:31,0,106,ida,10- SANTA CRUZ X ALVORADA ( EXPRESSO ),2021-02-24 17:17:36.734128
12720,KXD9430,37,-22.92015,-43.60823333333333,2021-02-24 12:31:14,0,9324,ida,37 - Tanque x Alvorada,2021-02-24 17:17:36.734128
86802,KQK8699,10,-22.919688333333333,-43.60816333333333,2021-02-21 06:42:05,0,106,ida,10- SANTA CRUZ X ALVORADA ( EXPRESSO ),2021-02-24 17:17:36.734128
12712,LSN8501,46,-22.854323333333333,-43.25183833333333,2021-02-24 13:09:07,0,144,ida,46- PENHA X ALVORADA ( EXPRESSO ),2021-02-24 17:17:36.734128
13407,KPY9732,20,-22.965688333333333,-43.39124833333333,2021-02-20 23:43:16,0,123,volta,20 - SALVADOR ALLENDE X SANTA CRUZ ( EXPRESSO ),2021-02-24 17:17:36.734128
12722,KXD8485,12,-22.92012666666667,-43.608223333333335,2020-10-22 08:59:37,0,120,ida,12 - PINGO D'AGUA X ALVORADA ( EXPRESSO ),2021-02-24 17:17:36.734128
30510,KYM4575,46,-22.96484,-43.39199333333333,2021-02-22 16:26:17,0,145,volta,46 - ALVORADA X PENHA ( EXPRESSO ),2021-02-24 17:17:36.734128
12735,LSQ4232,12,-22.919556666666665,-43.60763,2021-02-24 12:47:51,0,120,ida,12 - PINGO D'AGUA X ALVORADA ( EXPRESSO ),2021-02-24 17:17:36.734128
30512,KPV2252,0,-22.965036666666666,-43.39116166666667,2021-02-24 13:11:37,0,,,,2021-02-24 17:17:36.734128
86891,KRQ6876,10,-23.000966666666667,-43.366405,2021-02-24 13:07:25,0,107,volta,10 - ALVORADA X SANTA CRUZ ( EXPRESSO ),2021-02-24 17:17:36.734128
86818,KOU4404,12,-22.920223333333333,-43.608626666666666,2020-10-15 17:26:31,0,120,ida,12 - PINGO D'AGUA X ALVORADA ( EXPRESSO ),2021-02-24 17:17:36.734128
30525,LRC6596,41,-22.877918333333334,-43.33629166666667,2021-02-24 13:16:52,0,3543,volta,41 - TERMINAL MADUREIRA X RECREIO (EXPRESSO),2021-02-24 17:17:36.734128
86865,KRI3470,19,-23.000666666666667,-43.36459333333333,2020-11-28 12:31:11,0,124,ida,19 - PINGO D'AGUA X SALVADOR ALLENDE ( EXPRESSO ),2021-02-24 17:17:36.734128
86807,KVR8303,19,-22.919851666666666,-43.60745,2021-01-10 11:22:49,0,124,ida,19 - PINGO D'AGUA X SALVADOR ALLENDE ( EXPRESSO ),2021-02-24 17:17:36.734128
47019,KWZ8629,11N,-22.96067,-43.39150333333333,2021-02-24 02:11:18,28,104,ida,11N - SANTA CRUZ X ALVORADA,2021-02-24 17:17:36.734128
47023,LSQ5268,11N,-22.965361666666666,-43.39167,2021-02-24 03:22:00,0,104,ida,11N - SANTA CRUZ X ALVORADA,2021-02-24 17:17:36.734128
86814,KOS3161,13,-23.000685,-43.367035,2021-02-24 13:08:06,0,113,volta,13- ALVORADA X  MATO ALTO ( EXPRESSO ),2021-02-24 17:17:36.734128
86811,LQG3864,12,-23.000801666666668,-43.366101666666665,2021-02-24 13:09:34,0,121,volta,12 - ALVORADA X PINGO D'AGUA ( EXPRESSO ),2021-02-24 17:17:36.734128
27207,LSL9106,10,-22.999511666666667,-43.582211666666666,2021-02-21 19:35:46,54,106,ida,10- SANTA CRUZ X ALVORADA ( EXPRESSO ),2021-02-24 17:17:36.734128
E86877,KQK8702,5801A1,-22.920788333333334,-43.608018333333334,2020-06-16 18:14:24,0,120,ida,12 - PINGO D'AGUA X ALVORADA ( EXPRESSO ),2021-02-24 17:17:36.734128
27212,LSL9111,13,-23.000648333333334,-43.36507833333334,2021-02-24 13:10:19,0,113,volta,13- ALVORADA X  MATO ALTO ( EXPRESSO ),2021-02-24 17:17:36.734128
12703,LSM8771,35A,-23.00664,-43.311683333333335,2021-02-24 13:16:53,14,9431,volta,35A -  JARDIM OCEÂNICO X MADUREIRA,2021-02-24 17:17:36.734128
27175,KQP5436,51A,-22.85427333333333,-43.25176666666667,2021-02-24 13:08:00,0,9161,ida,51A - Vila Militar x Terminal Alvorada,2021-02-24 17:17:36.734128
27210,LSL9108,20,-22.920456666666666,-43.60785833333333,2021-02-24 13:04:16,0,122,ida,20 - SANTA CRUZ X SALVADOR ALLENDE ( EXPRESSO ),2021-02-24 17:17:36.734128
27173,LRK9559,35,-22.841223333333332,-43.239695,2020-09-16 03:25:02,18,108,ida,35 - MADUREIRA X ALVORADA ( PARADOR )- ida,2021-02-24 17:17:36.734128
30535,KXE7722,18,-22.964745,-43.39205833333333,2021-02-07 19:33:30,0,3626,ida,18 - RECREIO SHOPPING X JARDIM OCEÂNICO ( EXPRESSO ),2021-02-24 17:17:36.734128
30521,LRC6594,20,-23.000898333333332,-43.367196666666665,2021-02-24 12:51:58,0,122,ida,20 - SANTA CRUZ X SALVADOR ALLENDE ( EXPRESSO ),2021-02-24 17:17:36.734128
86882,LSP9600,22,-22.92042,-43.60716166666667,2021-01-26 13:38:09,0,8970,ida,22- ALVORADA X J. OCEÂNICO (PARADOR),2021-02-24 17:17:36.734128
50302,LSB7J03,0,-22.920143333333332,-43.60740333333333,2020-11-06 10:01:42,0,,,,2021-02-24 17:17:36.734128
12705,LSO1638,46,-22.939868333333333,-43.37236,2021-02-24 13:16:53,57,145,volta,46 - ALVORADA X PENHA ( EXPRESSO ),2021-02-24 17:17:36.734128
27208,KRN8700,10,-22.919941666666666,-43.607565,2021-02-24 12:59:41,0,106,ida,10- SANTA CRUZ X ALVORADA ( EXPRESSO ),2021-02-24 17:17:36.734128
86864,KRK5260,20,-23.0073,-43.54964,2021-02-24 13:16:52,56,123,volta,20 - SALVADOR ALLENDE X SANTA CRUZ ( EXPRESSO ),2021-02-24 17:17:36.734128
12718,KRP5933,10,-23.011701666666667,-43.531886666666665,2021-02-24 13:10:08,58,106,ida,10- SANTA CRUZ X ALVORADA ( EXPRESSO ),2021-02-24 17:17:36.734128
12739,LMJ4F12,20,-22.919953333333332,-43.60764,2021-02-17 06:49:40,0,122,ida,20 - SANTA CRUZ X SALVADOR ALLENDE ( EXPRESSO ),2021-02-24 17:17:36.734128
12742,KXE8865,35A,-23.006433333333334,-43.316606666666665,2021-02-24 12:47:15,0,9431,volta,35A -  JARDIM OCEÂNICO X MADUREIRA,2021-02-24 17:17:36.734128
30542,KXE7717,53A,-22.964926666666667,-43.39145833333333,2021-02-24 03:41:26,8,8966,ida,53A - SULACAP X ALVORADA ( EXPRESSO ),2021-02-24 17:17:36.734128
12741,LMJ4F12,0,-22.919821666666667,-43.607175,2021-02-23 09:27:19,0,,,,2021-02-24 17:17:36.734128
86887,KRQ6875,10,-23.000901666666667,-43.36508,2021-02-24 12:51:54,0,107,volta,10 - ALVORADA X SANTA CRUZ ( EXPRESSO ),2021-02-24 17:17:36.734128
44705,KQY3699,51,-22.919961666666666,-43.60784666666667,2021-02-24 13:08:18,0,3551,ida,51 - T. RECREIO X VILA MILITAR (PARADOR),2021-02-24 17:17:36.734128
44715,LRG8848,40A,-22.878803333333334,-43.341163333333334,2021-02-24 05:40:11,12,8972,ida,40A - MADUREIRA X ALVORADA ( EXPRESSO ),2021-02-24 17:17:36.734128
86836,LSJ4178,19,-22.972315000000002,-43.613573333333335,2021-02-24 13:04:56,47,124,ida,19 - PINGO D'AGUA X SALVADOR ALLENDE ( EXPRESSO ),2021-02-24 17:17:36.734128
12733,KRQ4900,10,-22.917236666666668,-43.683341666666664,2021-02-24 13:16:47,6,106,ida,10- SANTA CRUZ X ALVORADA ( EXPRESSO ),2021-02-24 17:17:36.734128
13406,LRG6479,51A,-23.002078333333333,-43.365775,2021-02-24 13:13:59,0,9162,volta,51A -  Terminal Alvorada x Vila Militar,2021-02-24 17:17:36.734128
44737,LSG9581,35,-22.972566666666665,-43.38619833333333,2021-02-24 07:01:17,0,108,ida,35 - MADUREIRA X ALVORADA ( PARADOR )- ida,2021-02-24 17:17:36.734128
44711,LRG8851,20,-22.920003333333334,-43.608515,2020-12-08 14:39:54,0,122,ida,20 - SANTA CRUZ X SALVADOR ALLENDE ( EXPRESSO ),2021-02-24 17:17:36.734128
30514,KYL8595,35A,-22.972895,-43.38577,2021-02-24 13:14:50,0,9430,ida,35A - MADUREIRA X JARDIM OCEÂNICO,2021-02-24 17:17:36.734128
27201,LSL9109,0,-22.919481666666666,-43.607481666666665,2021-02-24 13:09:05,0,,,,2021-02-24 17:17:36.734128
44733,KZF9132,10,-22.920563333333334,-43.607076666666664,2021-02-24 13:09:24,0,106,ida,10- SANTA CRUZ X ALVORADA ( EXPRESSO ),2021-02-24 17:17:36.734128
47010,KPZ8363,35,-23.006395,-43.31613333333333,2021-02-24 12:32:10,0,109,volta,35 - ALVORADA  X  MADUREIRA ( PARADOR ) - Volta,2021-02-24 17:17:36.734128
86884,LSP9604,10,-22.919536666666666,-43.60738833333333,2021-02-24 13:06:24,0,106,ida,10- SANTA CRUZ X ALVORADA ( EXPRESSO ),2021-02-24 17:17:36.734128
86867,LRK8436,20,-22.91996,-43.60784,2021-02-24 13:16:49,0,122,ida,20 - SANTA CRUZ X SALVADOR ALLENDE ( EXPRESSO ),2021-02-24 17:17:36.734128
86855,LRH9940,11N,-22.920451666666665,-43.607058333333335,2021-02-24 13:16:36,0,104,ida,11N - SANTA CRUZ X ALVORADA,2021-02-24 17:17:36.734128
30522,LRE9805,22,-22.96463333333333,-43.391731666666665,2021-02-02 00:51:18,0,8970,ida,22- ALVORADA X J. OCEÂNICO (PARADOR),2021-02-24 17:17:36.734128
12734,LSP8673,46,-22.879073333333334,-43.341275,2021-02-24 05:15:29,37,144,ida,46- PENHA X ALVORADA ( EXPRESSO ),2021-02-24 17:17:36.734128
27202,LSL9112,0,-22.854391666666668,-43.25210333333333,2021-02-24 13:10:46,0,,,,2021-02-24 17:17:36.734128
A993G20,LMU3G20,0,-22.7964166,-43.1933664,2021-02-24 12:37:56,0,,,,2021-02-24 17:17:36.734128
LMV3A43 MOTO,LMV3A43,0,-22.9948996,-43.3938629,2020-08-26 21:28:29,0,,,,2021-02-24 17:17:36.734128
A993A62,LMV3A62,0,-22.9948025,-43.3938951,2020-12-26 01:38:41,0,,,,2021-02-24 17:17:36.734128
A991G33,LTS1G33,0,-22.7966813,-43.1934249,2021-01-03 17:33:30,0,,,,2021-02-24 17:17:36.734128
A995E07,LMO5E07,0,-23.0009058,-43.3637108,2021-02-24 13:10:45,0,,,,2021-02-24 17:17:36.734128
A999E59,LUH9E59,0,-23.0209888,-43.4962666,2021-02-23 21:33:00,44,,,,2021-02-24 17:17:36.734128
A990B06,RKP0B06,0,-23.0008573,-43.3637769,2021-02-24 13:18:41,0,,,,2021-02-24 17:17:36.734128
A993745,LTV3745,0,-23.0009735,-43.3645444,2021-02-24 13:10:18,0,,,,2021-02-24 17:17:36.734128
A993300,LLN3300,0,-22.9654981,-43.391862,2021-02-18 14:48:50,0,,,,2021-02-24 17:17:36.734128
A999118,KXE9118,0,-22.9888571,-43.3657576,2021-02-24 13:14:15,0,,,,2021-02-24 17:17:36.734128
A997652,KOW7652,0,-23.0008248,-43.363636,2021-02-24 12:37:09,0,,,,2021-02-24 17:17:36.734128
A990G44,RIP0G44,0,-23.0006621,-43.3637293,2021-02-24 13:18:40,0,,,,2021-02-24 17:17:36.734128
A991F39,LUG1F39,0,-23.0035491,-43.4255246,2021-02-24 13:18:42,0,,,,2021-02-24 17:17:36.734128
A999454,LMI9454,0,-22.994855,-43.3938806,2021-01-09 05:22:09,0,,,,2021-02-24 17:17:36.734128
RIR1A44 MONTANA,,0,-22.9709103,-43.4006138,2020-08-17 16:05:31,0,,,,2021-02-24 17:17:36.734128
A993663,LZR3663,0,-23.0008671,-43.3653493,2021-02-24 12:29:58,0,,,,2021-02-24 17:17:36.734128
A995B95,LUK5B95,0,-22.9951876,-43.3659876,2021-02-24 00:08:35,12,,,,2021-02-24 17:17:36.734128
A991A44,RIR1A44,0,-22.9713928,-43.4005518,2021-02-24 13:16:00,0,,,,2021-02-24 17:17:36.734128
A993221,LTC3221,0,-22.9569718,-43.3905153,2021-02-24 12:50:48,0,,,,2021-02-24 17:17:36.734128
A999798,KWB9798,0,-22.9997623,-43.5821388,2021-02-24 13:05:42,0,,,,2021-02-24 17:17:36.734128
A998168,KRX8168,0,-22.9554395,-43.3774031,2021-02-24 13:18:31,62,,,,2021-02-24 17:17:36.734128
90006,LRH6D12,50,-23.006565,-43.31408,2021-02-24 09:00:24,0,3310,ida,50 - J.OCEÂNICO x TERMINAL OLIMPICO (PARADOR),2021-02-24 17:17:36.734128
A995611,LTL5611,0,-22.7964003,-43.1934658,2021-02-15 19:12:49,0,,,,2021-02-24 17:17:36.734128
A990I24,RKF0I24,0,-22.9656311,-43.3910101,2021-02-24 13:18:39,0,,,,2021-02-24 17:17:36.734128
A995A10,LMX5A10,0,-22.9172578,-43.6081303,2021-02-24 13:17:18,0,,,,2021-02-24 17:17:36.734128
30531,LRC6592,31,-22.964803333333332,-43.391421666666666,2021-02-24 12:40:56,0,3061,ida,31 – ALVORADA X VICENTE DE CARVALHO ( Semi direto ),2021-02-24 17:17:36.734128
A991B50,RKJ1B50,0,-22.9379299,-43.3853383,2021-02-24 12:09:39,0,,,,2021-02-24 17:17:36.734128
86863,LMC1030,13,-22.92001,-43.60753,2021-02-24 13:16:49,0,112,ida,13 - MATO ALTO X ALVORADA ( EXPRESSO ),2021-02-24 17:17:36.734128
A996403,KXM6403,0,-23.000771,-43.363569,2021-02-24 12:50:39,0,,,,2021-02-24 17:17:36.734128
A994036,LUF4036,0,-22.9837009,-43.3655344,2021-02-24 13:17:54,0,,,,2021-02-24 17:17:36.734128
A991B47,RKJ1B47,0,-23.0007361,-43.3636061,2021-02-24 12:59:05,0,,,,2021-02-24 17:17:36.734128
30524,LRC6601,0,-22.964613333333332,-43.39187666666667,2021-02-24 01:40:45,0,,,,2021-02-24 17:17:36.734128
12742 - TESTE Telemetria,,0,-22.878855,-43.341181666666664,2021-02-24 05:15:46,10,,,,2021-02-24 17:17:36.734128
12731 - TESTE Telemetria,,0,-23.000658333333334,-43.36480666666667,2020-12-01 15:39:21,0,,,,2021-02-24 17:17:36.734128
12705 - TESTE telemetria,,40A,-23.002296666666666,-43.366035,2020-12-01 12:01:45,0,8973,volta,40A - ALVORADA X MADUREIRA ( EXPRESSO ),2021-02-24 17:17:36.734128
12714 - TESTE telemetria,,0,-23.001038333333334,-43.367665,2020-12-01 10:54:24,0,,,,2021-02-24 17:17:36.734128
27170,LRK9561,41,-22.878906666666666,-43.34115666666667,2021-02-24 04:13:56,16,3543,volta,41 - TERMINAL MADUREIRA X RECREIO (EXPRESSO),2021-02-24 17:17:36.734128
53687,KWI5768,11N,-22.919758333333334,-43.60830166666667,2021-02-14 04:23:53,0,104,ida,11N - SANTA CRUZ X ALVORADA,2021-02-24 17:17:36.734128
10306,KQP6773,25A,-22.993481666666668,-43.597343333333335,2021-02-24 13:16:35,0,8968,ida,25A -  MATO ALTO X  ALVORADA -  SEMI EXPRESSO,2021-02-24 17:17:36.734128
44710,LRG8850,41,-23.00098,-43.36523666666667,2021-02-24 13:03:39,0,3542,ida,41 - RECREIO X TERMINAL MADUREIRA (EXPRESSO),2021-02-24 17:17:36.734128
6408916 - Dual Chip,,0,-23.001018333333334,-43.366688333333336,2020-11-27 11:22:52,0,,,,2021-02-24 17:17:36.734128
6408068 - Tim,,0,-22.973665,-43.36728333333333,2020-11-26 14:16:12,0,,,,2021-02-24 17:17:36.734128
6408241 Teste VIVO,,0,-23.001088333333332,-43.366681666666665,2020-11-27 11:22:45,0,,,,2021-02-24 17:17:36.734128
6414846,,0,-22.952523333333332,-43.390305,2021-01-08 07:18:57,41,,,,2021-02-24 17:17:36.734128
1629079418,,0,-22.975364,-43.3670856,2021-01-07 14:02:41,0,,,,2021-02-24 17:17:36.734128
1628702482,,0,-22.9754316,-43.3671036,2021-01-07 14:05:44,0,,,,2021-02-24 17:17:36.734128
HONDA XRE - KXT8324,,0,-23.0008685,-43.3636324,2021-02-01 09:18:03,0,,,,2021-02-24 17:17:36.734128
6418931,,0,-22.854238333333335,-43.251668333333335,2020-12-21 09:05:31,0,,,,2021-02-24 17:17:36.734128
6409450,,0,-22.919506666666667,-43.60752,2021-02-18 08:19:01,0,,,,2021-02-24 17:17:36.734128
6411965,,0,-22.916688333333333,-43.60713166666667,2021-02-03 23:51:02,0,,,,2021-02-24 17:17:36.734128
